#{"t_start": 1753288312.887274, "env_id": "highway-fast-v0"}
r,l,t
4.8,7,61.587561
21.0,25,61.895163
21.6,28,62.230224
13.366667,17,62.431104
6.533333,9,62.541103
13.066667,16,62.741295
3.533333,5,62.802566
2.666667,4,62.851979
13.066667,16,63.046485
6.0,8,63.144948
14.333333,18,124.3918
10.866667,14,124.562808
20.133333,26,124.86608
13.366667,17,125.064859
17.4,21,125.30939
11.333333,14,125.478344
16.8,22,125.735596
16.533333,20,125.973706
7.2,10,126.094122
20.866667,25,126.39363
17.399377,21,188.302734
6.132711,8,188.436847
2.632044,4,188.500308
7.0,9,188.636627
9.565378,12,188.829025
4.399377,6,188.922411
1.765379,3,188.972869
12.2,15,189.187202
2.632044,4,189.242434
18.232044,22,189.574727
4.399377,6,251.973611
6.965378,9,252.093538
8.698711,11,252.240428
12.298711,15,252.441383
1.932711,3,252.483223
13.066044,16,252.689414
5.266667,7,252.77781
7.0,9,252.906289
7.0,9,253.016948
12.199377,15,253.203988
71296,9,6.092126
7.733239,9,6.19851
8.365439,12,6.33639
2.779825,4,6.386013
5.335065,8,6.481277
5.946842,8,6.57405
3.432711,5,6.633686
3.597383,5,6.69509
15.111547,20,6.922855
10.380169,14,7.084427
1.980129,3,7.122282
17.312451,21,7.369989
5.632988,7,7.455383
7.578844,9,7.560918
9.078005,12,7.699309
21.013107,28,8.022685
3.745523,5,8.085459
11.108929,13,8.251229
14.411706,17,8.481313
1.864354,3,8.519619
7.545203,9,8.628753
1.946796,3,8.666435
10.01444,14,8.826373
13.084263,18,9.03276
22.118668,30,9.376205
7.699656,10,9.500307
10.948482,13,9.650959
3.416632,5,9.710855
12.476648,17,9.90862
13.584418,19,10.142358
6.264589,8,10.245596
7.634716,11,10.379114
6.579313,9,10.485892
20.908391,25,10.788487
22.452011,30,11.138766
5.59876,8,11.232589
18.344143,24,11.540091
1.765465,3,11.586963
4.685361,6,11.665788
2.979354,4,11.716783
4.752541,7,11.801049
6.351028,9,11.902119
4.000445,6,11.973671
1.979667,3,12.015585
10.845503,13,12.185642
22.284136,30,12.55959
14.912223,20,12.830088
8.178881,11,12.961449
1.946334,3,13.000477
4.065465,6,13.074939
8.68017,12,13.223135
14.997253,22,13.505233
22.199528,30,13.871521
1.979667,3,13.910234
9.330399,12,14.058602
12.510395,16,14.257612
4.649108,6,14.330238
17.279506,23,14.596398
4.249103,6,14.669715
13.398198,17,14.865243
12.885598,19,15.094383
4.898177,7,15.177546
20.330572,26,15.500162
15.379242,22,15.774021
7.080599,9,15.880526
16.143995,20,16.113503
10.944131,14,16.280424
21.765776,30,16.780715
1.733333,3,16.85858
23.831018,30,17.330371
1.733333,3,17.374406
5.482436,7,17.470313
20.618678,29,17.835284
9.677915,11,17.97886
6.899088,10,18.106775
3.348486,5,18.186324
11.717524,15,18.361913
11.465217,17,18.558971
4.098755,6,18.63201
5.645511,7,18.718766
2.879507,4,18.769035
2.566044,4,18.819347
9.215155,13,18.970094
2.878878,4,19.022959
20.719321,30,19.375675
2.499378,4,19.426473
1.879667,3,19.466517
21.797797,30,19.84102
24.315894,30,20.218131
12.477139,15,20.405651
14.865114,18,20.662021
5.245407,7,20.751258
2.146029,3,20.791211
4.532183,7,20.876472
21.65084,30,21.229831
1.946334,3,21.272932
5.319154,7,21.36431
9.979825,13,21.519517
6.945163,9,21.627018
15.333074,22,21.881559
11.611335,15,22.056834
8.851068,13,22.210542
6.032133,9,22.315696
17.779372,23,22.587578
2.714487,4,22.639129
20.380043,29,22.978135
12.650607,18,23.187467
9.164224,13,23.339878
5.579779,7,23.423957
10.732481,16,23.606857
6.233034,9,23.710896
4.897338,6,23.784571
22.683719,30,24.128443
21.216788,30,24.47574
14.979517,20,24.707927
9.20266,14,24.875448
3.719871,6,24.948072
11.846446,14,25.114748
1.880129,3,25.151965
2.499378,4,25.203919
13.882267,20,25.436664
15.352017,19,25.674601
5.712077,8,25.784313
5.066621,7,25.877131
7.298177,10,26.009522
1.632711,3,26.051829
4.346174,6,26.133093
21.117731,26,26.448835
14.41395,19,26.688805
2.432044,4,26.741613
4.897552,7,26.826269
21.983201,30,27.171835
10.286259,14,27.336001
6.845351,8,27.432222
11.819862,17,27.633262
6.853508,9,27.745919
1.882442,3,27.786097
4.899187,6,27.858387
18.531521,26,28.166869
10.701769,15,28.344842
19.666667,25,28.669385
4.931468,7,28.752917
4.913118,6,28.825137
21.332445,30,29.176022
13.879157,15,29.361817
5.982448,8,29.459862
6.912261,9,29.578837
17.178198,21,29.832893
9.419665,12,29.985889
6.646446,8,30.091419
3.579203,5,30.158625
17.610588,22,30.421495
4.149108,6,30.495532
8.013908,10,30.615636
8.646446,11,30.743465
18.082488,24,31.02958
3.533333,5,31.092742
10.412194,12,31.235488
3.766322,5,31.297884
22.085684,30,31.647627
10.211288,12,31.788239
1.979667,3,31.828121
11.045973,13,31.987382
4.181819,6,32.068471
4.181819,6,32.150806
2.079507,3,32.188332
23.966044,30,32.560399
15.781855,20,32.815195
22.73599,30,33.202685
6.679779,8,33.298792
19.014903,26,33.609742
6.845824,8,33.711861
4.012239,5,33.774387
7.780129,10,33.896987
3.533333,5,33.959019
5.685914,8,34.058319
3.713118,5,34.124314
12.845973,15,34.300028
10.632192,13,34.453453
6.879307,8,34.553015
17.663112,23,34.817905
7.580129,10,34.937854
8.180176,11,35.090212
1.749108,3,35.131283
13.046166,17,35.33048
3.266044,5,35.391826
4.832711,7,35.47623
15.631509,19,35.695236
21.086882,30,36.038978
5.732088,8,36.134594
5.079309,6,36.206065
2.533333,4,36.257445
13.245973,16,36.463165
21.620221,30,36.837425
9.881819,13,36.991279
6.465819,10,37.112824
2.632711,4,37.162636
20.88595,30,37.517806
2.515775,4,37.568138
7.932106,11,37.703553
5.019044,7,37.789635
4.952581,7,37.873841
10.079157,12,38.0171
22.598813,30,38.370195
21.653248,30,38.713167
11.066044,14,38.881843
21.819913,30,39.226539
20.766102,30,39.576704
21.599698,30,39.91979
4.165465,6,39.992461
3.579203,5,40.053892
11.098133,14,40.22008
14.645206,20,40.458765
14.853555,21,40.703894
22.746184,30,41.051725
8.898755,12,41.197878
5.966044,8,41.297248
6.132989,8,41.395002
13.453086,18,41.606709
22.666667,30,41.962114
8.579307,10,42.088018
5.099377,7,42.175384
2.046796,3,42.215648
8.945974,10,42.340458
1.6,3,42.401471
22.17701,25,42.689292
17.432082,23,42.962
11.179779,14,43.124572
12.379779,14,43.290057
7.012536,9,43.400335
4.899377,7,43.483348
2.466045,4,43.534986
2.666667,4,43.585588
12.346173,15,43.766705
7.498756,10,43.884382
7.133333,9,43.993118
3.845829,5,44.055281
1.749108,3,44.094952
15.55226,20,44.331333
9.866681,12,44.472334
17.086445,19,44.694942
10.485973,12,44.835458
23.035993,30,45.185932
17.333332,25,45.480453
19.681554,28,45.824497
5.733333,8,45.919642
4.0,6,45.991421
6.099377,8,46.087634
2.666667,4,46.137835
3.532711,5,46.199693
19.032089,23,46.46915
20.031817,28,46.798996
2.880129,4,46.856075
23.101732,30,47.23035
11.066044,14,47.397471
18.366667,23,47.697951
5.046452,6,47.774317
25.8,30,48.147993
2.432711,4,48.198262
21.753555,30,48.550657
24.453554,30,48.935583
14.086445,17,49.137186
3.533333,5,49.19958
19.032666,25,49.489726
5.866667,8,49.589135
4.4,6,49.676627
24.586265,30,50.134209
5.979825,8,50.264421
3.446796,5,50.341745
22.4,30,50.698576
1.7,3,50.738543
13.898766,19,50.960867
15.280126,20,51.213622
13.398755,17,51.438869
5.832711,8,51.545361
3.432711,5,51.609048
23.520221,30,51.958276
6.219592,9,52.070778
17.869329,26,52.376104
3.533333,5,52.438829
15.532088,21,52.683695
7.399377,10,52.803529
1.6,3,52.843323
0.966045,2,52.871912
3.448486,5,52.93394
6.380129,8,53.033538
7.478684,9,53.142468
8.919871,12,53.291823
12.0,16,53.490302
13.579203,17,53.707394
4.199377,6,53.78154
6.248486,8,53.879833
6.433333,9,53.997413
3.782442,5,54.066473
7.2,10,54.201061
3.649108,5,54.271049
22.986264,30,54.63863
2.399377,4,54.692729
2.566044,4,54.748424
10.365421,13,54.911007
6.833333,9,55.020569
19.266667,25,55.332436
5.066667,7,55.418728
13.879779,16,55.690172
20.420221,30,56.087809
8.733333,11,56.218583
21.419598,30,56.576309
3.117558,5,56.638783
16.0,21,56.910624
5.266667,7,57.006119
20.420221,30,57.377074
3.666667,5,57.443049
22.486888,30,57.793435
3.2,5,57.854346
6.219764,8,57.949286
18.932983,24,58.232092
14.018307,17,58.431635
14.766359,19,58.654359
2.533333,4,58.705391
14.8,18,58.920076
1.6,3,58.959233
5.233333,7,59.044894
8.032711,11,59.176319
22.153555,30,59.549185
26.0,30,59.915556
16.779779,18,60.133792
23.466667,28,60.465995
8.133333,11,60.608396
16.7,21,60.860307
12.2,15,61.038258
8.733333,11,61.172832
3.533333,5,61.237555
16.666667,20,61.474449
22.486888,30,63.511505
6.533333,9,63.622533
9.599377,12,63.769238
6.0,8,63.865166
25.0,30,64.212595
2.4,4,64.261813
5.4,7,64.347664
2.4,4,64.399886
20.153555,30,64.766936
8.8,12,64.912589
9.6,13,65.067052
10.033333,13,65.222061
11.7,15,65.398873
6.4,9,65.505969
16.933333,22,65.769119
5.799377,8,65.872081
9.732711,12,66.018937
3.2,5,66.079804
16.533333,20,66.319779
4.333333,6,66.392343
7.613112,9,66.498009
2.666667,4,66.54689
12.0,16,66.743844
4.933333,7,66.836182
2.533333,4,66.89598
3.533333,5,66.963135
10.466667,13,67.118719
8.066044,11,67.262626
8.0,10,67.385049
16.933333,22,67.670071
22.13338,30,68.020286
11.2,15,68.195467
12.886431,16,68.399201
13.333333,17,68.658617
22.553555,30,69.008288
15.166044,19,69.313125
4.133333,6,69.4154
23.432088,28,69.751682
4.4,6,69.831395
5.6,8,69.943064
9.313118,12,70.110799
4.619779,6,70.193107
8.0,11,70.330615
2.533333,4,70.386683
22.886888,30,70.772728
4.0,6,70.847639
8.0,10,70.968994
11.466667,14,71.13205
5.033333,7,71.218079
4.4,6,71.294159
3.2,5,71.356271
18.646445,21,71.615594
10.466044,13,71.785624
25.220221,30,72.156132
1.6,3,72.202234
6.533333,9,72.316576
5.599377,8,72.416754
6.313112,7,72.501785
15.333333,20,72.739179
18.966044,24,73.01753
22.4,29,73.353915
26.0,30,73.723385
25.0,30,74.064144
4.0,6,74.139645
25.0,30,74.483579
11.899377,15,74.662598
15.398755,19,74.886968
19.032711,23,75.161285
7.117558,10,75.284805
13.332711,17,75.48503
11.333333,14,75.653423
3.533333,5,75.718268
9.6,13,75.878144
4.2,6,75.953878
24.352926,30,76.307044
14.8,18,76.525177
22.686882,30,76.926095
25.0,30,77.303835
25.199377,30,77.660425
11.2,15,77.836524
14.2,18,78.044924
13.066667,16,78.230755
12.179779,14,78.39883
8.733333,11,78.530127
10.466667,13,78.694305
12.2,15,78.882842
18.732711,24,79.171693
22.353555,30,79.532675
23.220221,30,79.911381
6.266667,8,80.011421
10.466667,13,80.171534
5.733333,8,80.269501
24.333333,29,80.607753
18.5,23,80.882612
3.2,5,80.945688
4.4,6,81.021612
23.932711,30,81.398275
18.33338,25,81.714801
10.0,13,81.87123
19.379779,22,82.127974
3.2,5,82.189514
8.366667,11,82.322772
25.0,30,82.693761
4.0,6,82.76806
21.733333,26,83.086663
8.8,12,83.230632
7.866667,10,83.355855
9.733333,12,83.499616
26.0,30,83.863207
10.466667,13,84.023689
4.8,7,84.115019
2.666667,4,84.166916
3.366667,5,84.229591
14.2,18,84.442494
12.899377,17,84.648532
22.153247,30,84.997071
7.2,10,85.125363
6.133333,8,85.224954
6.4,9,85.341216
5.033333,7,85.434111
25.398132,30,85.795308
8.0,11,85.946157
8.999377,12,86.091043
5.932711,8,86.19101
9.6,12,86.338257
18.366667,23,86.606354
9.6,13,86.763218
9.713112,12,86.904859
6.4,9,87.012828
10.033333,13,87.166602
10.4,14,87.334586
10.866667,14,87.515269
21.553555,30,87.869586
2.666044,4,87.921211
4.8,7,88.009578
24.0,30,88.361352
25.353554,30,88.71553
4.315775,6,88.788293
6.485597,9,88.897016
5.6,8,88.994561
21.686888,30,89.361119
21.666044,27,89.682854
10.533333,14,89.854355
14.2,18,90.070084
9.6,13,90.224269
3.333333,5,90.284748
21.820221,30,90.626301
25.753204,30,90.989225
6.533333,9,91.101344
9.333333,12,91.24844
25.966045,30,91.603396
12.0,16,91.81335
6.133333,8,91.919314
18.746492,23,92.212913
17.533333,22,92.49424
25.0,30,92.870652
10.533333,14,93.0462
7.533333,10,93.165522
5.866667,8,93.262928
3.533333,5,93.324045
11.846452,14,93.505476
1.6,3,93.547077
11.7,15,93.73077
16.366044,21,93.9789
23.6,30,94.345664
19.713118,24,94.663838
8.133333,11,94.803818
15.666667,19,95.034801
2.8,4,95.084933
3.366667,5,95.146913
2.666667,4,95.198945
6.699377,9,95.315024
2.4,4,95.371135
24.0,30,95.723806
6.966667,9,95.832894
13.4,17,96.03352
6.1,8,96.148903
9.6,13,96.371648
4.8,7,96.484746
21.953555,30,96.839074
21.953555,30,97.19247
4.4,6,97.320977
25.119592,30,97.751386
14.4,19,97.997178
7.0,9,98.107641
2.666667,4,98.160218
20.486888,30,98.517707
15.033333,19,98.739623
10.033333,13,98.893647
4.533333,6,98.96741
11.480129,15,99.144966
17.6,23,99.422643
1.819667,3,99.462429
16.532711,21,99.710957
21.686888,30,100.060161
3.432711,5,100.124733
23.753555,30,100.522057
7.615152,10,100.647716
3.432711,5,100.718385
5.866667,8,100.825103
8.0,11,100.987412
16.533333,20,101.236617
22.886888,30,101.595568
17.579156,22,101.853563
1.833333,3,101.892799
3.533333,5,101.954383
5.866667,8,102.050246
11.466667,14,102.21806
21.599377,27,102.537043
6.7,9,102.64433
14.333333,18,102.860742
10.4,14,103.024495
6.666667,9,103.12975
3.533333,5,103.193006
14.066667,17,103.413306
18.153112,21,103.658882
23.553555,30,104.009481
5.866667,8,104.107362
3.2,5,104.169676
20.033333,25,104.459238
8.133333,11,104.590563
11.333333,14,104.756913
22.353554,30,105.099466
12.032711,15,105.276087
13.366667,17,105.475764
14.4,19,105.697195
15.699377,20,105.931264
23.913463,30,106.280773
14.8,18,106.488207
13.933333,17,106.686075
8.8,12,106.827978
16.533333,20,107.063018
7.353097,9,107.170898
20.113112,25,107.461361
15.432711,19,107.68145
16.913463,22,107.934823
18.999377,23,108.203368
21.820221,30,108.550062
5.866667,8,108.646258
10.4,14,108.810815
7.866667,10,108.930812
13.866044,18,109.144189
16.533333,20,109.37919
5.899377,8,109.476208
18.366667,23,109.745871
3.199377,5,109.806821
3.366667,5,109.869932
5.033333,7,109.955174
25.6,30,110.309157
5.733333,8,110.406804
22.220221,30,110.758805
26.0,30,111.116144
3.533333,5,111.178659
1.733333,3,111.218189
5.266667,7,111.302746
15.2,20,111.534501
7.866667,10,111.65488
4.4,6,111.727989
8.466044,11,111.860099
21.386888,30,112.206693
1.7,3,112.246574
4.4,6,112.319641
14.2,18,112.531561
4.099377,6,112.603758
7.0,9,112.71317
16.0,21,112.957986
9.37978,11,113.087969
4.8,7,113.171339
17.353555,25,113.465139
19.133333,23,113.732611
7.866667,10,113.876174
12.133333,16,114.0915
4.4,6,114.172775
15.2,20,114.417816
13.366667,17,114.619315
4.4,6,114.693344
4.0,6,114.766775
20.153555,30,115.122611
11.333333,15,115.334002
2.4,4,115.387866
3.2,5,115.453945
24.0,30,115.817507
15.735996,24,116.099057
2.8,4,116.150133
13.132711,17,116.351206
16.0,21,116.599115
25.266044,30,116.950974
26.0,30,117.336197
6.079779,7,117.427161
26.0,30,117.781918
2.533333,4,117.834498
18.4,24,118.124967
6.133333,8,118.229164
6.7,9,118.340347
20.8,27,118.664023
24.832711,30,119.01653
8.8,12,119.160557
7.533333,10,119.282597
3.666667,5,119.346506
4.133333,6,119.421328
26.0,30,119.780461
10.412656,13,119.936927
9.413112,11,120.068401
7.0,9,120.179333
12.0,16,120.370659
9.6,12,120.515923
8.733333,11,120.649967
7.0,9,120.757453
3.366667,5,120.819526
4.266045,6,120.892823
21.886888,30,121.259481
8.866667,11,121.392387
4.533333,6,121.470129
25.866044,30,121.825261
4.4,6,121.902538
4.4,6,121.97739
14.232711,18,122.192332
13.366667,17,122.398145
9.2,12,122.545652
7.0,9,122.657046
9.953112,12,122.802386
10.433333,14,122.969362
12.631423,16,123.163361
19.2,24,123.452756
25.0,30,123.802574
18.4,22,124.06008
25.999377,30,126.654857
1.8,3,126.694942
2.4,4,126.745143
7.866667,10,126.894169
4.4,6,126.972831
22.153555,30,127.335134
22.533333,28,127.676874
23.486888,30,128.028914
2.566667,4,128.080386
12.533333,16,128.272195
7.2,10,128.398835
8.0,10,128.522555
23.753555,30,128.877355
10.946446,13,129.033971
9.733333,13,129.19193
22.420221,30,129.555801
4.2,6,129.630939
10.4,14,129.801534
6.0,8,129.898297
4.133333,6,129.97304
6.966044,9,130.086026
15.666667,19,130.339207
24.299377,30,130.687787
11.199377,14,130.858058
10.166044,13,131.017398
6.0,8,131.115949
23.466667,28,131.448955
18.266667,22,131.714948
10.432711,13,131.875787
5.899377,8,131.97459
20.913112,25,132.274354
8.366667,11,132.404085
22.420221,30,132.770321
5.033333,7,132.855529
25.299377,30,133.207383
5.266667,7,133.294092
22.535996,30,133.679318
4.133333,6,133.761611
14.049108,17,133.972089
22.466667,30,134.324948
22.353555,30,134.688576
10.466667,13,134.845804
10.466667,13,134.998655
8.366667,11,135.128355
4.4,6,135.202573
8.0,11,135.334985
4.133333,6,135.409946
2.533333,4,135.464459
4.0,6,135.562183
0.915775,2,135.591521
2.533333,4,135.642899
7.8,10,135.764618
11.2,15,135.944209
5.266667,7,136.032803
9.733333,13,136.184331
13.019777,16,136.376258
10.4,14,136.555206
13.066667,16,136.75038
10.486888,15,136.929224
1.279667,2,136.956993
26.0,30,137.312694
8.698711,11,137.446905
13.032711,16,137.65793
3.498711,5,137.727161
3.498711,5,137.79329
10.466044,13,137.952543
3.532711,5,138.015155
1.765379,3,138.054983
3.498711,5,138.119467
3.632044,5,138.181351
6.133333,8,138.279432
6.098711,8,138.378223
1.765379,3,138.418724
13.032044,16,138.614755
10.466044,13,138.779711
4.365378,6,138.854022
8.664176,11,139.007686
7.832044,10,139.130414
22.019779,25,139.426147
13.933333,17,139.635517
1.933333,3,139.675773
20.866672,26,140.033794
10.366044,13,140.222586
5.266667,7,140.353539
23.086888,30,140.770771
12.579825,15,140.978452
6.666667,9,141.092094
7.333333,10,141.238789
7.2,10,141.381215
23.353555,30,141.749513
9.685597,13,141.909101
4.486444,6,141.983224
6.532711,9,142.094979
20.933334,30,142.489177
2.599378,4,142.546698
5.866667,8,142.645104
10.6,13,142.80706
15.033333,19,143.03226
16.8,22,143.295797
5.4,7,143.380582
5.066667,7,143.467399
5.166044,7,143.556898
5.6,8,143.652715
22.633339,30,143.991208
11.7,15,144.169062
21.020221,30,144.523872
8.0,10,144.644312
10.466667,13,144.808483
9.2,12,144.953011
12.2,15,145.131695
12.833333,17,145.330788
12.533333,16,145.521759
6.4,9,145.634182
13.933333,17,145.834521
17.013112,19,146.053321
21.820221,30,146.428703
20.3,25,146.752414
12.446445,14,146.920473
20.0,24,147.196149
17.046445,18,147.405605
1.733333,3,147.444487
22.533333,28,147.791239
8.779779,10,147.90892
20.0,24,148.188754
7.499377,10,148.310066
24.0,30,148.67233
19.699377,24,148.951796
13.6,18,149.162031
19.466044,25,149.457573
10.533333,14,149.633796
13.366667,17,149.835104
22.866667,30,150.179696
13.066667,16,150.379409
9.6,13,150.556691
12.932711,16,150.781437
22.620221,30,151.163914
9.099377,12,151.31631
15.033333,19,151.566625
21.553555,30,151.919744
10.4,14,152.09607
9.6,13,152.281664
8.733333,11,152.422077
10.166667,13,152.627338
21.286888,30,152.994325
4.4,6,153.071521
25.0,30,153.419746
2.499377,4,153.471643
5.266667,7,153.558939
14.566044,18,153.775461
9.2,12,153.920564
10.4,14,154.084579
20.953555,30,154.441316
5.9,8,154.542261
22.020221,30,154.892165
24.913112,30,155.280524
17.4,21,155.553817
8.8,12,155.704074
21.820221,30,156.05833
6.133333,8,156.157044
25.466667,28,156.515668
11.333333,14,156.708945
7.219667,9,156.822324
12.533333,16,157.029006
10.6,13,157.184268
10.199377,13,157.340969
6.4,9,157.453267
12.046445,14,157.637493
21.320215,30,157.986014
7.533333,10,158.11127
3.2,5,158.174204
8.0,11,158.309617
10.4,14,158.491299
11.580129,14,158.658156
1.6,3,158.697199
14.8,18,158.907755
3.2,5,158.969422
9.733333,12,159.112758
11.153112,14,159.279183
7.0,9,159.388371
7.533333,10,159.531142
10.033333,13,159.689887
3.533333,5,159.752098
5.6,8,159.848298
7.0,9,159.957555
4.4,6,160.0304
15.666667,19,160.257975
1.766045,3,160.299226
26.0,30,160.704404
14.313463,17,160.909225
1.866044,3,160.950143
7.479779,9,161.062076
22.753555,30,161.420652
3.2,5,161.500959
10.866667,14,161.669603
10.466667,13,161.826796
8.366667,11,161.960217
2.4,4,162.011995
11.466667,14,162.182499
24.999377,30,162.558024
6.550269,9,162.670449
5.166667,7,162.756813
15.779779,17,162.962123
3.333333,5,163.024075
20.0,24,163.354407
10.266044,13,163.514012
9.6,12,163.669963
10.945163,13,163.822389
4.0,6,163.900072
6.133333,8,164.009993
8.8,12,164.163874
17.533333,22,164.451483
3.333333,5,164.518433
4.4,6,164.595761
7.133333,9,164.706564
8.0,10,164.825492
2.433333,4,164.90191
18.8,22,165.210136
8.366667,11,165.365106
2.4,4,165.424086
22.4,29,165.862067
5.4,7,165.982465
5.715775,8,166.115837
7.2,10,166.253142
12.8,17,166.459831
17.733333,23,166.728296
4.4,6,166.801499
20.866667,26,167.104273
3.533333,5,167.165141
3.2,5,167.227992
13.066667,16,167.415712
12.219779,15,167.589094
4.8,7,167.674232
24.0,30,168.017273
19.315775,25,168.307033
1.6,3,168.34576
17.6,23,168.608302
6.133333,8,168.704118
4.4,6,168.778768
5.6,8,168.872982
23.2,30,169.225393
4.533333,6,169.299938
2.666667,4,169.349363
5.486334,7,169.433021
20.286888,30,169.785901
4.4,6,169.865242
18.17978,21,170.134092
15.046446,19,170.378867
5.4,7,170.466125
22.153555,30,170.847
7.866667,10,170.98093
8.133333,11,171.129153
16.533333,20,171.366354
21.020221,30,171.716653
4.366667,6,171.789979
3.2,5,171.851401
4.0,6,171.92647
10.033333,13,172.083459
13.6,18,172.296554
4.8,7,172.382049
3.5,5,172.44356
6.133333,8,172.540329
3.5,5,172.605062
14.8,18,172.820424
5.6,8,172.917312
4.4,6,172.991274
26.0,30,173.342817
25.2,30,173.692513
21.385994,30,174.037925
22.132135,27,174.354537
7.832088,10,174.477311
23.75102,30,174.834387
22.652266,30,175.182098
3.532711,5,175.246161
6.266044,8,175.344482
7.866667,10,175.467104
3.666044,5,175.529355
21.732711,26,175.843338
6.098711,8,175.940656
3.532711,5,176.00154
1.8,3,176.039917
17.399377,21,176.282914
3.533333,5,176.343749
1.765379,3,176.38163
4.2,6,176.455649
2.533333,4,176.506505
5.646796,7,176.591265
5.113112,6,176.663165
10.033333,13,176.814464
10.4,14,176.980801
17.799377,23,177.246592
5.733333,8,177.344116
4.0,6,177.416832
8.366667,11,177.547647
19.133333,23,177.817665
5.233333,7,177.903293
3.533333,5,177.963229
6.433333,9,178.070835
11.466667,14,178.232522
19.2,25,178.527439
21.420221,30,178.89622
20.866667,26,179.203241
23.186265,30,179.552698
10.033333,13,179.705144
23.2,30,180.05241
7.133333,9,180.162284
10.779779,13,180.315892
22.286888,30,180.663085
24.832711,30,181.033909
24.113113,28,181.384751
7.866667,10,181.513112
15.719044,20,181.754917
6.133333,8,181.852916
2.533333,4,181.907119
19.2,24,182.192851
1.6,3,182.232786
2.019667,3,182.272518
12.2,15,182.480972
14.8,18,182.708847
3.533333,5,182.771893
20.020221,30,183.120449
9.498711,12,183.268987
4.498711,6,183.347429
17.285823,20,183.599564
7.832044,10,183.723281
20.832711,25,184.020141
7.0,9,184.128008
18.266667,22,184.385945
12.165378,15,184.569795
6.132711,8,184.672264
1.765379,3,184.712081
8.698711,11,184.848164
25.2,30,185.208572
4.365378,6,185.283448
16.445824,19,185.508177
18.065145,24,185.793151
6.999377,9,185.901484
7.133333,9,186.00942
4.365378,6,186.083723
11.448486,14,186.258017
3.498711,5,186.324925
22.252265,30,186.678045
26.0,30,187.035661
18.232711,22,187.296699
10.466044,13,187.479898
25.999377,30,187.851276
4.878536,6,187.927937
22.6,27,189.87785
12.165378,15,190.117808
25.965378,30,190.559476
12.017685,15,190.759357
2.632131,4,190.814893
6.799377,9,190.933502
13.066667,16,191.162698
22.020221,30,191.580135
25.383602,30,191.947411
3.2,5,192.014295
15.166667,19,192.250364
12.8,17,192.466006
7.2,10,192.601925
20.453555,30,193.002495
4.8,7,193.101687
12.533333,16,193.295059
4.166667,6,193.36941
6.066045,8,193.467712
3.533333,5,193.529436
4.186887,7,193.616398
3.533333,5,193.680943
19.432711,25,194.045571
20.866667,26,194.361178
22.4,29,194.699918
24.665421,30,195.07964
23.086888,30,195.454552
7.2,10,195.574258
6.0,8,195.670977
3.533333,5,195.732819
17.733333,23,196.012281
4.132711,6,196.094938
6.133333,8,196.205848
16.815775,21,196.48515
13.499377,17,196.693579
26.0,30,197.051542
3.2,5,197.113643
14.933333,18,197.329728
2.533333,4,197.381046
9.266044,12,197.526398
6.266044,8,197.623393
12.333333,15,197.804075
10.466667,13,197.959728
25.999377,30,198.317105
4.878536,6,198.399024
2.8,4,198.457234
23.753555,30,198.820162
23.220221,30,199.176392
22.652266,30,199.531831
4.365378,6,199.604269
9.565378,12,199.744373
12.298711,15,199.9216
6.132711,8,200.017392
16.532711,20,200.253439
19.179156,22,200.511042
1.885597,3,200.549862
15.666667,19,200.76996
2.666667,4,200.820016
7.866044,10,200.937533
13.933333,17,201.139947
1.765379,3,201.178563
7.0,9,201.297051
16.710437,20,201.542875
22.518932,30,201.921025
19.232044,23,202.232213
7.214573,9,202.342951
6.999377,9,202.453279
4.365378,6,202.532576
12.2,15,202.709589
5.365378,7,202.794762
11.079157,13,202.959518
6.232044,8,203.069471
7.866044,10,203.203884
6.513158,8,203.310467
7.115152,9,203.438012
13.165378,16,203.63908
8.698711,11,203.769291
2.666044,4,203.819921
1.213001,2,203.850321
4.2,6,203.929087
22.919598,30,204.278656
3.432044,5,204.339143
8.933333,12,204.480473
22.253555,30,204.860381
11.899377,15,205.045133
14.632711,18,205.258037
12.533333,16,205.448022
8.699377,11,205.587107
19.2,24,205.87065
1.766045,3,205.909126
11.166044,14,206.07415
25.085057,30,206.421605
9.466667,12,206.562508
13.032044,16,206.747
7.832044,10,206.865916
26.0,30,207.213216
13.032711,16,207.399972
7.866667,10,207.527962
12.2,15,207.707517
11.332711,14,207.875223
25.486259,30,208.242548
6.745158,8,208.360291
8.866667,11,208.49312
7.133333,9,208.602283
3.533333,5,208.665186
5.399377,7,208.750637
19.147197,23,209.035034
19.132711,23,209.305502
20.832044,25,209.616857
10.645823,12,209.759767
9.599377,12,209.901359
12.199377,15,210.085674
22.419598,30,210.440046
5.046446,6,210.550303
7.866667,10,210.690018
7.132711,9,210.810614
5.399377,7,210.909263
3.498711,5,210.982372
14.432395,19,211.211358
1.765379,3,211.252884
2.632131,4,211.305774
23.599383,30,211.654279
21.732711,26,211.958022
5.23151,7,212.047678
2.632044,4,212.102165
3.5,5,212.166115
11.298711,14,212.330655
8.698175,11,212.460486
24.153555,30,212.82653
6.133333,8,212.923612
23.086265,30,213.292832
11.332711,14,213.479604
8.866044,11,213.629945
13.032044,16,213.818267
14.544622,17,214.019072
7.866044,10,214.13938
26.0,30,214.49084
8.866667,11,214.626647
12.2,15,214.826688
9.6,12,214.977691
2.666044,4,215.029181
11.332711,14,215.196229
15.579156,18,215.410154
9.732711,12,215.562177
14.066044,17,215.793119
10.466667,13,215.955067
22.020221,30,216.347943
2.765378,4,216.406269
6.098711,8,216.515561
2.632044,4,216.575257
2.952012,4,216.631978
4.532711,6,216.714913
6.266044,8,216.821052
6.098711,8,216.931893
25.999377,30,217.324469
3.532711,5,217.394699
10.913112,12,217.539505
13.032044,16,217.748972
5.266044,7,217.854756
22.599377,27,218.219147
22.085366,30,218.567881
3.498711,5,218.630293
26.0,30,218.977566
1.799377,3,219.017438
21.752661,30,219.357031
19.266044,23,219.624302
1.765379,3,219.662801
12.812073,16,219.868796
13.986264,19,220.09131
20.286888,30,220.432995
1.766045,3,220.470005
7.866667,10,220.587828
4.132711,6,220.663002
9.6,12,220.805102
11.298711,14,220.974612
7.0,9,221.086916
21.566044,26,221.409189
7.999377,10,221.531844
3.666667,5,221.594473
3.533333,5,221.656549
23.052266,30,222.008583
10.6,13,222.166234
6.965378,9,222.271889
13.932711,17,222.472663
14.066667,17,222.674238
10.246446,12,222.81778
5.01183,6,222.891916
6.999377,9,222.998921
13.402039,17,223.201824
5.365422,7,223.297512
22.698711,27,223.658738
1.933333,3,223.704972
18.266667,22,224.001255
23.453555,30,224.382401
22.518932,30,224.733246
11.333333,14,224.900871
9.846173,12,225.04132
1.765379,3,225.07909
9.6,12,225.226241
12.199377,15,225.414444
6.279317,7,225.508973
10.432711,13,225.681757
4.498711,6,225.765352
13.066044,16,225.975857
15.666667,19,226.216226
13.898798,17,226.429537
13.165378,16,226.641717
3.766219,5,226.706604
10.466044,13,226.8805
22.698711,27,227.239399
2.632044,4,227.290049
14.8,18,227.502254
6.965378,9,227.611486
8.732711,11,227.744027
15.8,19,227.96808
6.098711,8,228.06349
2.632044,4,228.116472
13.932711,17,228.34168
14.765378,18,228.573033
12.779156,14,228.742441
16.498711,20,228.981247
2.799377,4,229.031302
3.666044,5,229.096842
7.0,9,229.214337
4.365378,6,229.300442
2.799377,4,229.356158
5.046452,6,229.443963
6.352378,8,229.555729
1.799377,3,229.596986
12.298808,15,229.793122
5.266667,7,229.88501
3.533333,5,229.94832
6.964884,9,230.054261
3.532711,5,230.116507
5.046452,6,230.190691
15.345516,17,230.390886
6.098711,8,230.487565
22.918932,30,230.888104
4.4,6,230.9717
4.399377,6,231.058657
5.733333,8,231.168465
12.832051,17,231.383816
11.333333,14,231.552381
1.766045,3,231.591761
7.479309,9,231.700523
16.533333,20,231.933143
7.666044,10,232.052892
2.533333,4,232.105847
8.566044,11,232.250172
12.064177,15,232.458771
20.133333,24,232.759284
11.432711,15,232.944458
1.898711,3,232.984442
10.466044,13,233.151445
15.464798,19,233.386826
3.451641,5,233.44878
15.8,19,233.672881
23.353555,30,234.029096
2.632044,4,234.081327
2.632044,4,234.133833
11.332711,14,234.299781
1.765379,3,234.338446
22.132711,28,234.675835
6.999377,9,234.797686
7.832711,10,234.935836
4.4,6,235.009518
18.232044,22,235.305623
2.666667,4,235.3653
2.632044,4,235.423886
3.666667,5,235.49368
25.964842,30,235.863471
6.965378,9,235.976208
25.2,30,236.331637
2.666044,4,236.382005
3.533333,5,236.443852
14.799377,18,236.661263
7.866044,10,236.783031
12.166667,15,236.964499
2.632044,4,237.018445
15.666044,19,237.270996
20.132711,24,237.586807
21.20204,28,237.919134
4.4,6,237.992954
7.866667,10,238.115445
6.133333,8,238.214034
10.466667,13,238.368559
3.780129,5,238.429918
4.4,6,238.504858
1.899378,3,238.543223
11.298711,14,238.709529
2.799377,4,238.760303
3.532711,5,238.823294
7.832044,10,238.941808
10.432711,13,239.096679
26.115775,30,239.454169
25.486259,30,239.879618
13.898711,17,240.099572
12.997509,16,240.298607
6.133333,8,240.398284
1.799377,3,240.438012
3.533333,5,240.499694
6.132711,8,240.596088
10.432044,13,240.752545
14.799377,18,240.963917
14.932711,18,241.174107
22.920221,30,241.526667
3.498711,5,241.588031
22.785599,30,241.94908
20.866044,25,242.245593
20.999377,25,242.540227
5.399377,7,242.624588
9.565378,12,242.773495
2.632044,4,242.827991
5.266044,7,242.924158
8.698711,11,243.075752
1.766044,3,243.119321
7.832044,10,243.242506
9.599377,12,243.391109
11.185157,13,243.543918
24.553555,30,243.896782
4.399377,6,243.969828
9.599377,12,244.120767
6.999377,9,244.233398
5.266044,7,244.321565
9.913112,11,244.456558
10.432044,13,244.613182
8.698711,11,244.746977
2.666044,4,244.797777
1.899378,3,244.836649
9.819598,13,244.995026
3.912536,5,245.057363
18.266667,22,245.324737
7.079202,9,245.433673
3.533333,5,245.494697
5.866667,8,245.592625
7.0,9,245.701608
21.766045,27,246.014137
6.699377,9,246.120525
15.486888,20,246.363615
4.399377,6,246.438437
8.399377,11,246.573781
16.465378,20,246.813903
7.0,9,246.932916
16.666667,20,247.179957
17.365378,21,247.428397
7.866667,10,247.54623
9.6,12,247.690549
8.733333,11,247.82132
1.765379,3,247.860064
22.286265,30,248.222238
6.478536,8,248.322205
9.6,12,248.466642
4.365378,6,248.539955
22.820221,30,248.950428
13.181819,16,249.142423
7.866667,10,249.261782
25.412174,30,249.609593
4.365378,6,249.684766
8.698711,11,249.828898
22.420221,30,250.219944
7.832044,10,250.343594
15.666667,19,250.568679
13.933333,17,250.796504
23.352932,30,251.181656
7.866044,10,251.301438
18.912489,20,251.552092
9.564842,12,251.716108
3.498711,5,251.781829
5.411218,7,251.869107
14.765378,18,253.404944
4.331423,6,253.488734
2.666044,4,253.551771
3.498711,5,253.62563
23.052266,30,254.034515
22.419598,30,254.444515
3.498711,5,254.511167
7.0,9,254.633063
8.698175,11,254.766615
3.532711,5,254.828283
15.666044,19,255.067918
5.266667,7,255.16388
7.866044,10,255.297055
18.953112,21,255.56123
4.399377,6,255.639157
11.332711,14,255.818256
9.599377,12,255.970183
26.0,30,256.35198
3.532711,5,256.414881
24.153555,30,256.771265
7.832044,10,256.893402
2.598711,4,256.944942
23.052266,30,257.356834
7.832044,10,257.497699
10.6,13,257.66638
5.266667,7,257.751876
16.313113,19,257.977765
5.232044,7,258.066936
6.645869,8,258.170778
11.466044,14,258.35799
4.399377,6,258.445138
22.952932,30,258.819027
19.252931,27,259.13682
14.799377,18,259.349743
3.632044,5,259.412053
9.565378,12,259.552493
