#{"t_start": 1753289721.3811991, "env_id": "highway-fast-v0"}
r,l,t521.020221,30,59.730273
20.020221,30,60.079724
20.020221,30,60.423064
21.020221,30,60.768292
21.020221,30,61.119013
20.020221,30,61.462079
20.020221,30,61.810859
22.020221,30,62.165404
20.020221,30,62.512399
20.020221,30,62.85305
20.020221,30,121.739355
22.020221,30,122.080938
20.020221,30,122.426639
22.020221,30,122.767552
20.020221,30,123.109133
22.020221,30,123.453028
22.020221,30,123.792135
21.020221,30,124.13275
21.020221,30,124.477384
22.020221,30,124.819722
22.020221,30,183.787795
21.020221,30,184.131983
21.020221,30,184.476531
20.020221,30,184.82188
22.020221,30,185.165824
21.020221,30,185.509695
20.020221,30,185.862123
22.020221,30,186.225331
20.020221,30,186.56655
20.020221,30,186.913057
22.020221,30,245.572913
20.020221,30,245.91833
22.020221,30,246.261458
20.020221,30,246.599435
21.020221,30,246.946807
20.020221,30,247.299677
20.020221,30,247.647321
21.020221,30,247.984437
20.020221,30,248.331478
22.020221,30,248.680043
22.020221,30,309.078217
21.020221,30,309.470619
20.020221,30,309.843887
21.020221,30,310.215746
22.020221,30,310.587354
22.020221,30,310.940458
20.020221,30,311.284261
20.020221,30,311.626326
21.020221,30,311.976433
20.020221,30,312.319274
22.020221,30,387.567187
21.020221,30,388.073136
22.020221,30,388.57677
21.020221,30,389.076692
21.020221,30,389.57996
20.020221,30,390.087674
22.020221,30,390.589404
22.020221,30,391.100172
21.020221,30,391.597644
20.020221,30,392.106658
21.020221,30,477.954156
20.020221,30,478.448785
21.020221,30,478.952961
20.020221,30,479.458594
21.020221,30,479.969764
20.020221,30,480.467162
21.020221,30,480.980296
21.020221,30,481.498632
20.020221,30,482.006059
20.020221,30,482.506341
21.020221,30,568.227259
20.020221,30,568.7223
20.020221,30,569.238895
21.020221,30,569.738639
21.020221,30,570.238182
21.020221,30,570.73758
20.020221,30,571.240236
22.020221,30,571.746161
21.020221,30,572.248738
20.020221,30,572.744215
21.020221,30,658.521153
22.020221,30,659.019966
20.020221,30,659.525119
20.020221,30,660.022944
22.020221,30,660.520051
20.020221,30,661.050157
21.020221,30,661.553752
21.020221,30,662.055421
22.020221,30,662.559681
21.020221,30,663.069928
21.020221,30,748.827039
20.020221,30,749.331777
20.020221,30,749.832274
22.020221,30,750.346029
22.020221,30,750.861753
21.020221,30,751.360194
20.020221,30,751.856204
22.020221,30,752.356791
21.020221,30,752.853198
20.020221,30,753.353265
725
5.912641,7,16.116409
7.082091,9,16.224934
7.235056,11,16.356093
16.565476,23,16.621311
10.434158,14,16.787022
1.884277,3,16.825544
3.118326,4,16.874627
4.851246,6,16.947938
5.29974,8,17.042318
1.879667,3,17.080732
5.579203,7,17.166129
10.25119,15,17.345086
2.046796,3,17.384079
2.812696,4,17.433517
2.615775,4,17.482405
7.912178,9,17.591474
3.845047,5,17.652985
22.380951,30,18.003732
18.676933,24,18.283207
2.763732,4,18.332346
10.541999,13,18.488341
3.167776,5,18.54911
6.499243,9,18.655659
2.715153,4,18.705585
24.533184,30,19.055228
4.632167,7,19.140184
7.645509,10,19.259959
4.14986,6,19.333573
22.765637,30,19.683921
9.478926,12,19.827618
13.097875,16,20.016977
7.965479,11,20.147711
7.149234,9,20.254391
2.498712,4,20.304559
2.013001,3,20.342492
3.448486,5,20.403018
5.586882,8,20.499762
10.198152,12,20.644676
24.097399,30,20.991385
1.797688,3,21.029392
16.54297,22,21.286941
2.712378,4,21.33649
5.832087,8,21.432841
10.033684,15,21.609941
21.386566,30,21.956976
9.246021,12,22.099252
21.735677,30,22.44992
4.102611,6,22.521961
3.733678,6,22.595055
4.945983,6,22.668906
1.019667,2,22.696168
15.499376,22,22.955987
2.879825,4,23.005437
7.485955,10,23.124012
6.028807,8,23.220933
9.150938,11,23.351434
4.54598,6,23.42303
14.711526,20,23.659218
7.944477,10,23.777942
11.56465,14,23.939807
1.946334,3,23.977817
7.332137,11,24.106615
3.565108,5,24.167376
1.019667,2,24.194051
13.214562,19,24.690141
3.753,5,24.750311
2.533333,4,24.798447
5.779785,7,24.881171
23.99735,29,25.21711
23.21141,30,25.55792
2.782442,4,25.60778
7.353515,11,25.736608
13.000269,18,25.944726
9.252941,14,26.106898
1.798134,3,26.145995
10.764458,15,26.322262
2.930717,4,26.371628
7.896866,10,26.488586
2.918326,4,26.538296
7.445058,9,26.644339
5.435367,8,26.740659
9.112168,10,26.85805
7.744408,9,26.964906
8.618964,12,27.107858
4.879354,6,27.179434
2.946021,4,27.22811
9.419518,14,27.390141
2.598754,4,27.439381
6.986494,10,27.557589
9.200006,12,27.698716
4.364843,6,27.770475
12.746156,17,27.968862
2.565379,4,28.018466
4.514927,7,28.102569
18.879477,25,28.390697
6.000304,8,28.484625
1.982137,3,28.522991
3.598755,5,28.582594
15.115844,20,28.815176
17.732708,24,29.091418
9.386385,13,29.245707
2.4,4,29.294958
4.451809,6,29.367746
21.884716,30,29.712131
4.748142,6,29.784844
7.765777,11,29.914002
2.252314,4,29.963732
21.099732,30,30.314972
5.229858,7,30.40117
24.642828,30,30.751853
10.685598,16,30.936241
3.233333,5,30.996829
3.619301,5,31.057737
6.678386,8,31.153801
4.132089,6,31.226135
19.545603,28,31.55079
1.913001,3,31.588966
22.385317,30,31.933421
22.518703,30,32.279573
23.015397,30,32.626358
6.832044,9,32.733039
7.615451,10,32.851093
21.452931,30,33.199957
23.318932,30,33.553069
1.815153,3,33.592259
2.650587,4,33.643203
23.964273,30,33.993972
21.533585,30,34.349362
2.499693,4,34.398279
4.899425,7,34.48407
3.899417,6,34.556946
5.586882,8,34.654046
8.51774,10,34.772777
5.013113,6,34.846
8.378313,12,34.988355
21.55079,30,35.333334
9.586584,14,35.498204
15.680258,21,35.739158
11.79855,17,35.935793
10.412542,14,36.098351
5.445358,7,36.184304
9.830898,14,36.349112
11.782097,15,36.522797
19.01155,25,36.810439
1.915775,3,36.847799
23.018671,30,37.199614
11.152999,16,37.385017
4.619667,6,37.457483
19.062175,25,37.747305
15.414304,22,38.002369
12.83152,18,38.212134
5.379354,7,38.29674
10.883924,16,38.484656
11.300348,15,38.662652
16.711289,23,38.933258
22.32823,29,39.272484
5.645516,7,39.357445
2.979354,4,39.405722
1.884279,3,39.44336
14.297422,20,39.674418
13.582743,19,39.896223
7.33532,10,40.014881
4.400299,6,40.087923
7.36291,9,40.195912
3.648804,5,40.258134
1.732711,3,40.297215
5.545407,7,40.381731
12.750456,18,40.594651
11.518341,15,40.771212
6.045264,8,40.867261
13.530621,16,41.057363
21.61591,30,41.40591
3.398441,5,41.466584
13.694898,19,41.689224
2.846334,4,41.739295
1.984279,3,41.777999
4.930671,6,41.850968
17.150228,22,42.112078
16.735682,22,42.368725
6.266627,8,42.464405
17.753204,24,42.748619
17.866394,24,43.022658
15.246492,21,43.266489
7.502357,11,43.396667
23.579188,30,43.750051
6.702039,10,43.866384
2.820215,5,43.925931
10.118974,14,44.089235
6.546022,8,44.184696
3.232786,5,44.245129
20.36547,28,44.568865
10.610303,14,44.731407
10.232452,15,44.904362
2.466045,4,44.953004
7.383793,9,45.059501
22.013969,30,45.405913
10.896444,14,45.569733
15.316403,22,45.825605
8.161812,11,45.956871
23.398885,30,46.305547
7.031752,10,46.42428
6.967011,9,46.531354
5.180089,7,46.615582
14.719864,19,46.840637
7.76551,11,46.9714
5.680065,8,47.068533
1.6,3,47.105875
21.985928,30,47.454582
11.512841,15,47.628768
7.58002,11,47.757911
12.013119,17,47.957939
2.548486,4,48.00836
21.349358,30,48.358487
13.512836,17,48.555457
22.884362,30,49.173192
7.319247,11,49.300672
22.885916,30,49.645468
3.878284,5,49.70619
13.519319,19,49.925182
3.746452,5,49.985971
19.179777,26,50.283352
11.877733,16,50.471943
2.747907,4,50.520602
1.051567,2,50.547689
2.013001,3,50.585898
22.952253,30,50.930078
6.866408,10,51.048152
2.747907,4,51.097755
4.43235,6,51.17044
22.817935,30,51.515926
21.718931,30,51.862821
2.268979,4,51.91223
3.28187,5,51.972767
10.650231,14,52.139059
5.567017,8,52.234155
21.763159,30,52.579495
21.86419,30,52.931145
4.168316,6,53.00385
7.086429,9,53.109091
22.12022,30,53.455113
22.645419,30,53.801075
10.519598,14,53.966044
8.452366,12,54.105464
21.65222,30,54.454915
10.51811,14,54.621653
12.052581,17,54.82266
3.233333,5,54.884891
12.115471,16,55.070439
2.68124,4,55.12063
3.333029,5,55.181452
23.586848,30,55.529878
13.769323,19,55.751916
21.316886,30,56.098618
21.753552,30,56.44467
17.132445,24,56.720002
4.748759,6,56.79312
22.651567,29,57.129693
23.364588,30,57.47824
9.83245,14,57.637791
1.979667,3,57.676796
21.866134,30,58.023823
10.198823,15,58.197793
1.865421,3,58.23595
22.11837,30,58.585996
10.549458,16,58.771023
21.135991,30,59.111912
12.366354,17,59.309539
1.732711,3,59.347632
7.435694,11,62.953989
9.381821,13,63.107481
2.046796,3,63.14593
6.165496,9,63.254308
4.666878,6,63.326909
21.815705,30,63.669881
6.811556,8,63.765781
21.169019,30,64.106575
21.318355,30,64.454082
23.183917,30,64.800075
14.864465,20,65.038183
23.552252,30,65.382203
6.166316,8,65.478248
21.516981,30,65.826794
7.978549,11,65.955842
12.664581,18,66.168122
11.302663,16,66.358448
6.745974,8,66.454324
10.600846,16,66.640339
1.799377,3,66.677598
20.653555,30,67.022869
19.428499,25,67.317588
17.565765,24,67.596838
5.785948,9,67.702499
9.92988,12,67.844043
16.981864,24,68.120883
15.699107,21,68.367332
10.135988,15,68.540916
7.848264,11,68.669821
19.565024,26,68.972798
17.898578,26,69.273039
4.266621,6,69.344961
6.616123,8,69.440312
2.913503,4,69.489348
22.385077,30,69.832652
19.615733,28,70.15395
5.73537,9,70.259221
13.980013,20,70.488153
14.178003,17,70.683664
11.719913,17,70.883348
3.331021,5,70.943633
20.953239,30,71.289139
1.815775,3,71.328422
1.946334,3,71.365947
4.612646,6,71.438807
21.451701,29,71.774003
10.713463,15,71.945691
12.885332,18,72.155922
2.732397,4,72.203688
14.932937,21,72.449952
6.012182,7,72.534319
2.682442,4,72.584056
2.179354,3,72.621321
22.834839,30,72.963397
13.746451,18,73.174917
11.914533,16,73.363327
7.846446,10,73.481627
12.185351,16,73.672317
6.514576,9,73.778798
18.180049,22,74.035898
11.069022,16,74.221153
21.834757,30,74.571644
16.647532,23,74.836655
8.400139,12,74.976535
21.612276,30,75.329723
18.647021,26,75.627375
23.718018,30,75.978023
2.113001,3,76.015845
22.934996,30,76.633259
15.166707,21,76.877944
2.401689,4,76.927042
11.619912,16,77.111608
23.451391,30,77.457992
23.234715,30,77.807168
21.419252,30,78.151345
21.986875,30,78.49756
21.268718,29,78.836184
21.96475,29,79.169302
22.519327,30,79.515334
21.086888,30,79.85959
22.052889,30,80.204896
3.34969,5,80.265279
11.266086,16,80.448181
17.365165,24,80.728793
21.150931,30,81.068122
21.51961,30,81.408176
15.098186,21,81.651801
7.913152,9,81.758211
1.765465,3,81.796219
22.085958,30,82.145974
20.885644,30,82.49228
21.35321,30,82.834716
21.352319,30,83.178912
21.218707,30,83.519657
4.066045,6,83.591964
21.684797,30,83.937798
2.915775,4,83.986739
20.786568,30,84.333923
23.052339,30,84.679859
8.978316,12,84.821645
17.135373,23,85.090924
19.452326,27,85.402117
2.56573,4,85.451083
20.719604,30,85.793258
21.499741,29,86.121065
21.583377,30,86.46668
21.885306,30,86.813941
20.817783,30,87.15659
2.946492,4,87.206112
1.897688,3,87.242626
4.785983,6,87.316241
21.731976,29,87.652076
21.618078,30,87.994376
4.220215,7,88.07806
4.947819,7,88.16329
20.68568,30,88.505151
14.896773,21,88.750216
15.850041,22,89.008822
21.319593,30,89.359871
15.131794,22,89.614719
11.386888,15,89.79178
18.232453,25,90.081008
21.152356,30,90.423632
8.186844,12,90.566431
22.253276,30,90.908902
12.55021,15,91.085339
20.701464,30,91.427899
23.019043,30,91.778196
13.767731,18,91.987178
10.464849,15,92.159719
21.186888,30,92.501783
22.400351,30,92.848225
11.04966,15,93.021205
3.533333,5,93.082243
19.798133,26,93.384227
8.319599,12,93.524432
13.113158,18,93.734053
22.686888,30,94.08193
21.249114,30,94.427191
15.630723,21,94.669559
21.053248,30,95.020508
22.652266,30,95.36795
4.253199,6,95.441225
9.365161,13,95.591899
23.118974,30,95.944405
15.445764,22,96.20179
16.052054,24,96.48059
18.298753,26,96.783746
2.58392,4,96.832138
1.846796,3,96.870053
4.835652,7,96.953404
23.131068,30,97.300729
22.96667,30,97.647134
4.714005,6,97.718641
20.553514,30,98.060962
17.701695,26,98.356735
6.998189,10,98.473553
1.933448,3,98.510269
8.653555,12,98.656321
21.651393,30,99.004437
15.816042,22,99.259537
6.752898,10,99.37643
17.834442,26,99.674702
21.486888,30,100.019643
22.286888,30,100.634325
11.078902,16,100.819267
21.133031,30,101.163947
13.052266,18,101.376123
22.119248,30,101.72413
13.101707,18,101.935837
5.046446,6,102.009556
20.386844,30,102.352829
22.352661,30,102.697031
21.682709,30,103.042509
21.219326,30,103.39282
22.118265,30,103.745038
21.953511,30,104.088444
14.578233,19,104.311359
10.486221,15,104.486406
21.62022,30,104.832478
22.582613,30,105.181364
21.652927,30,105.531652
7.033638,10,105.646948
3.686537,6,105.720134
10.253555,14,105.887827
22.953549,30,106.232101
21.719289,30,106.583781
8.752932,13,106.737692
22.318425,30,107.085357
23.119565,30,107.437879
21.65293,30,107.785907
21.702313,30,108.124949
21.885922,30,108.470675
6.197821,8,108.565631
20.985994,30,108.909233
18.13214,25,109.198818
23.186882,30,109.549804
22.220183,30,109.894765
20.120221,30,110.237631
2.819017,5,110.298021
22.553514,30,110.647796
21.753554,30,110.98972
21.051367,29,111.326081
2.885689,5,111.387729
20.652314,30,111.729091
2.619667,4,111.77852
23.732321,30,112.123022
5.416953,8,112.21655
10.465431,15,112.391256
21.165501,30,112.738811
5.567052,7,112.825306
21.083681,30,113.16961
21.451729,30,113.515715
13.601686,18,113.725707
13.552388,18,113.935209
16.652037,23,114.199889
22.46625,30,114.544027
13.752651,20,114.776951
21.418451,30,115.122158
6.302663,9,115.229013
22.649921,30,115.570218
21.285421,30,115.92009
21.886888,30,116.265615
21.952352,30,116.609041
22.95293,30,116.950975
4.266621,6,117.024102
5.117864,8,117.118707
15.69968,22,117.375722
6.431067,9,117.482074
20.820216,30,117.830988
20.749079,28,118.158522
5.799378,8,118.253268
3.202272,5,118.314573
22.132491,30,118.658897
21.718678,30,119.00164
22.033056,30,119.350422
21.986181,30,119.697856
23.186537,30,120.04714
20.553549,30,120.391773
20.952356,30,120.739703
20.853555,30,121.088468
22.252663,30,124.864314
18.320221,25,125.160055
2.046796,3,125.198356
22.25293,30,125.547456
15.047801,21,125.793662
22.346381,30,126.144629
9.997732,14,126.308798
21.553511,30,126.651021
1.915775,3,126.689602
23.818088,30,127.035933
21.286843,30,127.380955
21.152622,30,127.994518
1.766045,3,128.032835
20.602311,27,128.343188
2.466045,4,128.392921
20.485598,30,128.738513
10.265696,15,128.910617
22.286876,30,129.251366
15.253554,23,129.516771
1.880129,3,129.554541
21.451422,30,129.900819
6.653555,10,130.018416
18.017606,26,130.318163
21.053208,30,130.660177
20.266361,30,131.007972
20.919329,30,131.351368
20.286882,30,131.696622
22.619582,30,132.040046
12.513469,18,132.246553
21.786888,30,132.593631
5.601649,8,132.688569
10.700351,16,132.875203
21.366408,30,133.226108
12.750892,17,133.428386
20.969328,30,133.773181
20.08658,30,134.121903
22.252635,30,134.466585
21.70236,30,134.815601
21.220221,30,135.164238
21.686887,30,135.505939
20.720221,30,135.848243
7.731157,11,135.978419
20.353554,30,136.326249
5.017414,7,136.410063
22.119249,30,136.755378
22.119598,30,137.106193
14.252304,21,137.351114
20.286264,30,137.694998
20.885371,30,138.040804
20.686888,30,138.384802
23.22017,30,138.732596
21.88658,30,139.075946
11.635385,17,139.270916
2.886444,4,139.320723
22.435374,30,139.666457
2.033704,3,139.704472
21.452356,30,140.048855
18.281594,25,140.341298
1.879667,3,140.378928
22.153555,30,140.72395
17.620221,27,141.036895
21.653516,30,141.380885
21.186264,29,141.715837
22.886888,30,142.063098
12.752608,18,142.270511
18.685643,27,142.584291
12.886264,20,142.813345
24.018613,30,143.165378
22.253552,30,143.511881
21.186848,30,143.859536
17.568436,25,144.146439
1.766045,3,144.185135
8.36689,10,144.304716
22.120215,30,144.650868
20.985957,30,144.995584
9.918389,13,145.150348
21.751896,30,145.498135
22.385923,30,145.84842
21.486888,30,146.195352
18.919327,27,146.507752
10.853555,16,146.698423
5.92022,9,146.806173
21.020181,30,147.153066
15.349924,22,147.405369
20.319327,30,147.749949
21.853555,30,148.09522
22.185994,30,148.438007
21.086877,30,148.785183
21.585869,30,149.127937
6.384179,8,149.223007
4.79965,6,149.295423
2.45258,4,149.3448
12.063245,17,149.547475
13.053555,18,149.760382
22.319759,30,150.111366
21.886236,30,150.453986
5.019281,8,150.547997
20.553555,30,150.89647
24.286888,30,151.245008
8.886888,13,151.396403
20.519598,30,152.007832
21.920216,30,152.349108
10.053555,16,152.535682
10.120178,15,152.709662
20.153555,30,153.056949
15.935373,24,153.33117
21.953555,30,153.674261
21.453554,30,154.021118
20.353554,30,154.364372
20.319327,30,154.709971
21.886264,30,155.053167
21.986264,30,155.392955
20.586888,30,155.73411
21.652397,30,156.082114
21.119913,30,156.427776
4.853554,8,156.521337
10.235056,15,156.694721
20.786886,30,157.04153
21.553516,30,157.385091
22.353247,30,157.722339
22.020221,30,158.079938
8.286848,12,158.221054
20.852931,30,158.571718
21.752043,30,158.916261
5.133074,8,159.010292
21.186764,30,159.349795
9.920221,15,159.527521
10.596297,13,159.681267
14.531954,19,159.900582
20.253554,30,160.244589
22.220221,30,160.597977
22.253555,30,160.943528
20.786888,30,161.287685
20.520183,30,161.632107
22.153555,30,161.974366
20.786844,30,162.3166
21.232718,30,162.663279
20.153555,30,163.011323
17.853555,27,163.32831
21.716076,30,163.67484
22.318098,30,164.0241
21.853508,30,164.369549
1.632711,3,164.407939
21.485689,30,164.758372
21.219096,30,165.101458
15.853516,22,165.359952
20.653471,30,165.705606
2.953508,5,165.765582
22.017507,30,166.106381
22.020221,30,166.454076
21.153555,30,166.80267
21.086882,30,167.148972
21.986882,30,167.503999
14.220177,20,167.736503
21.45094,30,168.080213
21.453279,30,168.425177
21.219823,30,168.767688
20.253555,30,169.117416
22.519023,30,169.465858
21.32022,30,169.808649
3.597648,5,169.870623
21.535995,30,170.21872
20.453548,28,170.545816
21.830723,30,170.893802
20.186882,30,171.240046
21.786888,30,171.584662
22.316617,30,171.931285
22.119953,30,172.273294
9.731067,14,172.435725
20.919947,30,172.778631
22.019529,30,173.123674
22.034837,30,173.462528
17.885951,25,173.751782
21.952043,30,174.098078
6.132048,8,174.193256
20.586888,30,174.535078
22.319598,30,174.880698
21.953554,30,175.223515
21.885994,30,175.833685
20.353549,30,176.17844
22.053241,30,176.521298
22.033644,30,176.869848
22.286265,30,177.227336
21.786888,30,177.570399
21.752037,30,177.920883
14.102662,21,178.164514
22.053555,30,178.5085
22.099727,30,178.84869
22.153555,30,179.190505
21.285996,30,179.535666
20.086266,28,179.861552
3.386887,6,179.934554
22.152931,30,180.285917
21.520221,30,180.628752
14.017909,20,180.85948
22.020221,30,181.214583
20.986883,30,181.565454
22.432763,30,181.908048
16.852356,24,182.189894
20.419913,30,182.535851
20.919553,30,182.880619
20.550938,30,183.225418
18.901151,27,187.015835
20.953554,30,187.365372
22.386887,30,187.711613
20.686231,30,188.057872
1.846796,3,188.096181
21.486806,30,188.440717
22.286886,30,188.788832
22.553554,30,189.13068
20.520216,30,189.474628
21.219284,30,189.821207
22.419877,30,190.160787
21.186579,30,190.502146
22.153555,30,190.852808
20.419917,30,191.193891
21.385993,30,191.538683
9.586888,14,191.703367
21.420221,30,192.045543
20.020221,30,192.386876
21.652651,30,192.731104
11.11991,16,192.916911
21.286887,30,193.260292
10.28662,15,193.438178
22.420221,30,193.788854
22.020221,30,194.134172
20.153555,30,194.476239
21.052317,30,194.825634
17.019913,25,195.121575
20.852352,30,195.459481
22.152661,30,195.805459
21.269021,30,196.156801
21.319874,30,196.50676
19.452033,29,196.84774
21.969329,30,197.192924
9.002663,13,197.346255
21.552931,30,197.69326
3.852925,6,197.765995
21.220221,30,198.12084
20.286888,30,198.459554
21.786887,30,198.807467
4.835996,8,198.90189
21.186848,30,199.241381
20.420221,30,199.593635
21.386264,30,199.942617
22.020221,30,200.286669
7.412651,9,200.393913
20.820215,30,200.743927
21.986888,30,201.091088
2.046796,3,201.128155
21.020216,30,201.479751
21.920181,30,201.824157
20.467017,30,202.174172
21.485726,30,202.521893
20.586583,30,202.86468
20.053555,30,203.475242
21.720216,30,203.819609
10.720221,15,203.996162
21.819321,30,204.350011
21.919911,30,204.694454
21.119327,30,205.039525
22.420175,30,205.381858
7.820173,12,205.522131
14.720221,21,205.767197
20.852943,30,206.111384
21.753555,30,206.452657
21.653516,30,206.793925
20.952041,30,207.138783
21.320221,30,207.489904
20.620183,30,207.833823
21.886882,30,208.177864
8.853555,13,208.330951
21.720215,30,208.673562
20.853554,30,209.017331
10.98418,16,209.200362
21.218391,30,209.547252
22.35232,30,209.887834
22.169025,30,210.231536
22.020221,30,210.573104
20.620221,30,210.929668
18.715818,26,211.226021
22.286888,30,211.571426
21.020221,30,211.911233
20.153555,30,212.252579
21.851969,30,212.594605
22.584119,30,212.937956
20.553555,30,213.28515
21.386888,30,213.631683
20.25351,30,213.976717
21.91961,30,214.323699
14.419329,22,214.580772
20.820221,30,214.926622
20.652047,30,215.275507
22.386265,30,215.627448
21.686888,30,215.974802
20.68362,30,216.320583
21.553513,30,216.666446
22.284576,30,217.010453
21.669025,30,217.355659
22.153555,30,217.700751
21.453554,30,218.045938
20.286888,30,218.393788
21.519327,30,218.741755
21.953555,30,219.097775
20.120178,30,219.443642
20.26933,30,219.789424
4.419597,7,219.873381
22.253514,30,220.216556
20.353555,30,220.566057
7.819327,12,220.708834
22.153555,30,221.059167
21.453555,30,221.413126
22.020221,30,221.762993
21.886882,30,222.110875
20.817907,30,222.454981
21.719908,30,222.799069
20.486264,30,223.143314
21.886887,30,223.489291
20.819953,30,223.839096
13.286888,19,224.056932
21.253554,30,224.403484
21.553516,30,224.753954
20.619328,30,225.111262
22.420221,30,225.463403
20.286888,30,225.815702
20.652931,30,226.167586
20.186888,30,226.50766
22.153549,30,226.850268
8.053555,13,227.272125
22.286888,30,227.618586
20.153555,30,227.96533
21.886887,30,228.31313
4.986888,8,228.409266
21.852656,30,228.750804
21.786888,30,229.095476
21.920221,30,229.44211
21.520221,30,229.789619
21.453555,30,230.136111
21.719327,30,230.478923
21.920178,30,230.824273
4.62022,7,230.906863
22.186845,30,231.252842
21.619645,30,231.594574
22.286888,30,231.9395
21.153554,30,232.279653
20.020221,30,232.623564
19.420221,27,232.936974
22.019329,30,233.280596
20.286888,30,233.626962
20.853555,30,233.974641
21.086276,30,234.323436
21.886888,30,234.672699
22.020221,30,235.013722
20.820221,30,235.355687
20.286888,30,235.699304
21.686888,30,236.044484
20.020221,30,236.384652
22.119287,30,236.726531
22.153555,30,237.072038
22.153555,30,237.414753
21.719327,30,237.762913
21.853513,30,238.109192
2.450587,4,238.15947
21.520215,30,238.505857
20.786886,30,238.852447
20.420221,30,239.196171
21.286888,30,239.54346
21.353555,30,239.890216
20.920178,30,240.23665
22.153554,30,240.586725
21.753555,30,240.929945
22.420221,30,241.290099
21.852931,30,241.635543
22.020221,30,241.988002
20.52022,30,242.331195
20.153555,30,242.673504
22.185956,30,243.023852
20.284271,30,243.377542
20.985996,30,243.728273
9.002663,13,243.880919
22.020221,30,244.226374
21.586888,30,244.570933
22.086193,30,244.923018
20.686887,30,248.735257
22.420221,30,249.103776
21.820181,30,249.462041
20.419286,30,249.82505
20.153555,30,250.188896
20.286888,30,250.553519
20.553555,30,250.907206
20.453554,30,251.274603
20.653555,30,251.636106
21.686264,30,251.993556
20.620221,30,252.36994
22.153555,30,252.747093
22.286888,30,253.110285
20.284271,30,253.48151
22.135996,30,253.838756
11.786888,17,254.041342
22.020221,30,254.386365
20.286583,30,254.999458
21.086618,30,255.341291
21.420221,30,255.685301
22.153555,30,256.029233
21.020221,30,256.371274
21.085996,30,256.716771
16.053554,24,256.995209
22.020221,30,257.342153
20.153555,30,257.686398
22.020221,30,258.036568
22.020221,30,258.378675
20.153555,30,258.718061
22.020221,30,259.065237
22.153554,30,259.409209
20.686531,30,259.750343
22.519018,30,260.095697
21.553244,30,260.440111
22.201663,30,260.787916
20.686887,30,261.136949
21.452661,30,261.479886
21.486888,30,261.827442
22.020221,30,262.172969
20.253555,30,262.513903
22.02022,30,262.861161
20.286888,30,263.200318
20.052661,30,263.535603
22.419917,30,263.879914
20.053555,30,264.22621
22.353555,30,264.576152
21.184576,30,264.917319
21.520221,30,265.260875
20.153555,30,265.602868
20.820221,30,265.94657
21.953555,30,266.287918
20.619913,30,266.635188
20.653554,30,266.979979
22.286233,30,267.327082
20.352663,30,267.672113
21.086888,30,268.019031
20.186887,30,268.368124
21.486888,30,268.710968
20.18658,30,269.056559
21.853554,30,269.397926
21.153555,30,269.74097
20.820221,30,270.087998
20.152931,30,270.429974
20.26933,30,270.774648
21.953241,30,271.119079
21.820221,30,271.463395
22.153555,30,271.810186
22.020221,30,272.155231
22.020221,30,272.502267
2.952885,5,272.562196
23.119357,30,272.91174
21.886882,30,273.257131
20.120178,30,273.601799
21.953287,30,273.944867
7.020221,11,274.074393
20.286888,30,274.425704
20.020221,30,274.774521
21.253554,30,275.116067
22.08658,30,275.459603
22.153555,30,275.800611
21.650936,30,276.144572
21.186887,30,276.491765
20.520221,30,276.8345
20.186887,30,277.184796
21.185994,30,277.530562
22.020221,30,277.8902
21.719327,30,278.235146
21.98654,30,278.851645
21.986888,30,279.191895
20.420221,30,279.540672
21.253511,30,279.886035
20.653555,30,280.228833
22.119327,30,280.5729
17.686888,25,280.864274
21.285994,30,281.215106
20.986882,30,281.554359
12.253554,19,281.776578
21.620221,30,282.120313
21.32022,30,282.466293
22.020221,30,282.813353
22.286888,30,283.155512
20.620221,30,283.493443
20.653555,30,283.841668
20.586882,30,284.185229
22.420221,30,284.529421
21.953555,30,284.87249
20.153555,30,285.214332
22.053555,30,285.560211
21.802663,30,285.904392
21.753555,30,286.252086
20.819558,30,286.592453
21.020215,30,286.942506
11.786888,17,287.141819
21.619289,30,287.486895
21.886888,30,287.833094
22.020221,30,288.174767
20.402663,30,288.51809
21.086888,30,288.861344
20.020221,30,289.213751
21.553555,30,289.562067
21.153555,30,289.904267
22.020221,30,290.245147
22.020221,30,290.591649
20.66933,30,290.94489
21.419908,30,291.297215
21.886888,30,291.640302
22.286888,30,291.987733
21.919321,30,292.336366
20.220221,30,292.686067
20.486844,30,293.03382
20.419598,30,293.379055
22.153555,30,293.721592
21.620221,30,294.063399
20.553555,30,294.409411
22.202355,30,294.756808
21.020221,30,295.098577
21.186888,30,295.446252
10.286888,15,295.62031
22.169286,30,295.963798
20.686888,30,296.308723
22.020221,30,296.650679
21.953555,30,297.00584
21.719327,30,297.35058
17.020221,26,297.653162
21.820175,30,298.000087
20.920221,30,298.346517
16.920221,24,298.624602
20.420221,30,298.974381
20.020221,30,299.345191
20.386888,30,299.701377
20.453554,30,300.066232
21.886882,30,300.438579
21.053554,30,300.860195
21.786888,30,301.286559
21.553555,30,301.933079
21.853554,30,302.353533
20.053555,30,302.822982
22.020221,30,303.732146
20.020221,30,304.093754
21.653554,30,304.439499
20.020221,30,304.785293
20.086888,30,305.154665
21.020221,30,305.508131
20.520221,30,305.854866
20.153555,30,306.201229
22.152931,30,306.549866
20.852663,30,306.897738
22.420221,30,307.252977
20.286888,30,307.610683
20.020221,30,307.974071
1.731021,3,308.035535
21.220221,30,308.540117
22.020221,30,312.556447
21.786888,30,312.898658
20.020221,30,313.24683
20.020221,30,313.597757
22.419293,30,313.941149
20.153555,30,314.287224
20.420221,30,314.630817
21.68685,30,314.977014
21.453555,30,315.322386
21.486888,30,315.66982
22.153555,30,316.018161
22.286888,30,316.360533
21.95351,30,316.705813
22.686218,30,317.048383
20.586881,30,317.38965
22.06933,30,317.735743
22.086888,30,318.078399
21.286888,30,318.419908
21.020221,30,318.762778
20.28569,30,319.102422
20.320221,30,319.443212
20.720221,30,319.782
22.020221,30,320.12106
21.753553,30,320.461889
22.353554,30,320.8031
20.385994,30,321.14797
22.286888,30,321.4874
21.286888,30,321.827667
4.286888,7,321.912042
20.020221,30,322.256199
20.986888,30,322.603701
12.486848,18,322.813194
21.920178,30,323.156441
20.553555,30,323.496258
22.020221,30,323.834586
21.233684,30,324.17567
21.053554,30,324.520451
20.42022,30,324.861888
22.152931,30,325.21212
20.020221,30,325.548362
21.686844,30,325.892204
20.020221,30,326.236672
20.520221,30,326.578517
22.253548,30,326.914545
20.020221,30,327.258046
20.086888,30,327.599477
22.286888,30,327.943069
22.020221,30,328.286669
20.020221,30,328.639258
20.520221,30,328.988224
20.320182,30,329.334446
20.620221,30,329.681762
21.986888,30,330.029072
22.153555,30,330.374454
22.020221,30,330.720514
22.153555,30,331.334268
20.986888,30,331.678324
21.186888,30,332.019548
22.020221,30,332.357699
22.153555,30,332.712311
20.15325,30,333.071416
22.053554,30,333.419062
22.153555,30,333.774678
20.720215,30,334.116464
22.020221,30,334.469572
20.153555,30,334.813757
22.553555,30,335.160153
20.020221,30,335.503619
21.253555,30,335.850802
22.020221,30,336.194857
20.020221,30,336.535221
20.020221,30,336.879999
20.020221,30,337.223052
20.153555,30,337.56928
21.520221,30,337.918493
22.020221,30,339.639035
20.986883,30,340.127403
21.786888,30,340.535432
21.601769,30,340.895335
20.720221,30,341.262105
20.953555,30,341.623961
22.419878,30,342.127023
20.020221,30,342.674934
22.320221,30,343.28581
22.153555,30,343.869717
21.120221,30,344.433343
22.153555,30,344.962408
20.920221,30,345.504632
20.486888,30,346.043887
20.286264,30,346.561089
20.720221,30,347.13568
22.020221,30,347.709868
21.720221,30,348.30056
1.846796,3,348.360988
22.086888,30,348.914638
22.420221,30,349.443083
20.020221,30,349.946367
21.920221,30,350.461256
20.820221,30,350.978188
22.020221,30,351.483041
22.020221,30,351.986485
20.020221,30,352.499523
22.153555,30,353.000936
20.153555,30,353.512095
21.386264,30,354.015385
21.520221,30,354.524025
20.120178,30,355.039077
21.985994,30,355.538169
20.020221,30,356.046111
22.020221,30,356.548239
22.152931,30,357.057517
20.586888,30,357.554936
22.020221,30,358.049155
20.020221,30,358.562385
21.686888,30,359.072275
20.186887,30,359.585074
21.219598,30,360.095239
20.453549,30,360.599648
20.917909,30,361.127552
20.753555,30,361.642488
21.853554,30,362.149236
20.953554,30,362.649238
20.020221,30,363.146506
20.020221,30,363.649964
20.020221,30,364.519835
21.520221,30,365.016731
11.386888,18,365.325238
22.020221,30,365.828158
20.269329,30,366.332852
21.820221,30,366.842427
22.020221,30,367.364786
20.419598,30,367.874451
22.020221,30,368.37277
21.020221,30,368.884802
22.153555,30,369.381324
20.020221,30,369.879705
20.620221,30,370.376299
20.186888,30,370.889724
21.985994,30,371.388511
22.019598,30,371.900122
21.020221,30,372.402659
20.220221,30,372.907937
21.920178,30,373.416546
21.819598,30,373.924395
20.020221,30,374.420616
22.119327,30,374.931031
22.020221,30,375.453779
20.020221,30,375.961485
22.153555,30,376.589211
20.020221,30,377.156674
21.620221,30,377.665866
21.753555,30,378.166617
21.886888,30,378.673678
21.453555,30,379.184995
21.220221,30,379.695523
20.153555,30,380.227535
20.520216,30,380.747696
21.653247,30,381.255597
22.020221,30,381.762181
20.151242,30,382.270579
21.78658,30,382.775538
20.020221,30,383.277065
20.153554,30,383.780925
20.753555,30,384.280856
21.420221,30,384.783281
20.020221,30,385.285235
21.020221,30,385.791271
20.053555,30,386.306727
22.020221,30,386.808937
11.186888,16,392.149811
20.920221,30,392.648912
20.820221,30,393.149348
20.219913,30,393.664823
20.020221,30,394.172799
22.020221,30,394.674866
21.253555,30,395.174822
22.020221,30,395.674368
20.020221,30,396.173782
20.020221,30,396.674537
20.020221,30,397.185948
20.020221,30,397.686416
20.020221,30,398.18652
20.286888,30,398.686077
21.586844,30,399.186556
22.153555,30,399.692153
22.186277,30,400.195992
22.052887,30,400.706892
20.020221,30,401.21359
20.153555,30,401.715859
21.586888,30,402.206645
15.486888,23,402.592743
20.386888,30,403.096269
20.353555,30,403.602502
21.686844,30,404.112815
21.120221,30,404.976254
22.152931,30,405.480886
22.020221,30,405.985122
22.020221,30,406.488109
20.020221,30,406.99013
22.020221,30,407.498148
22.153555,30,407.999639
22.020221,30,408.497596
22.153555,30,408.996557
10.686888,17,409.285923
21.153555,30,409.794513
21.820221,30,410.291958
20.020221,30,410.798011
21.853554,30,411.310106
20.320221,30,411.811183
20.153555,30,412.306842
20.020221,30,412.803426
21.920178,30,413.309134
20.820221,30,413.810812
20.853554,30,414.312967
21.620215,30,414.814826
22.020221,30,415.322321
20.620221,30,415.829102
22.020221,30,416.332254
21.18654,30,416.849908
20.652931,30,417.35385
22.020221,30,417.854028
20.020221,30,418.362156
20.819913,30,418.856801
20.653555,30,419.358477
20.020221,30,419.852173
22.020221,30,420.355161
21.586888,30,420.871693
21.586888,30,421.388016
20.420221,30,421.895315
22.020221,30,422.411918
22.020221,30,422.909581
22.020221,30,423.418501
20.186888,30,423.926117
22.153554,30,424.429421
21.020221,30,424.942363
20.52022,30,425.44569
22.020221,30,425.951842
20.320221,30,426.447774
22.020221,30,426.953178
21.186888,30,427.462787
14.053555,22,427.837233
20.286888,30,428.337234
22.020221,30,428.84304
20.020221,30,429.341981
22.286888,30,429.852803
20.753555,30,430.355425
22.252931,30,430.860238
22.153555,30,431.366285
21.985994,30,431.872171
21.153555,30,432.38256
20.08658,30,432.892665
22.152931,30,433.404339
10.820221,17,433.696384
21.220221,30,434.203751
20.453555,30,434.701038
22.153555,30,435.208125
21.053555,30,435.713519
20.420221,30,436.217812
21.752663,30,436.719891
20.120221,30,437.229992
20.686888,30,437.734528
20.386888,30,438.231329
21.720221,30,438.739862
21.653555,30,439.610369
20.320221,30,440.125692
22.252931,30,440.636491
22.020221,30,441.143958
21.453241,30,441.647673
21.552931,30,442.155301
22.153555,30,442.667541
20.520221,30,443.172163
20.020221,30,443.679163
21.453555,30,444.178908
20.586888,30,444.689677
21.653555,30,445.200363
22.020221,30,445.709033
22.153555,30,446.212238
22.153555,30,446.717104
21.386888,30,447.222005
20.152931,30,447.717276
20.020221,30,448.226288
20.020221,30,448.738264
21.020221,30,449.238546
20.152931,30,449.74855
22.020221,30,450.249118
21.153554,30,450.759616
20.020221,30,451.269829
22.153555,30,451.784299
22.020221,30,452.282524
22.153555,30,452.783642
20.153555,30,453.275868
22.153555,30,453.779874
20.020221,30,454.284625
22.020221,30,454.791996
21.053555,30,455.294401
22.020221,30,455.81206
20.020221,30,456.323303
21.886882,30,456.835141
20.020221,30,457.344319
20.186888,30,457.847454
22.020221,30,458.354684
20.285651,30,458.85578
20.320221,30,459.359066
20.220221,30,459.878198
20.286888,30,460.383462
22.020221,30,460.892293
21.586888,30,461.405281
20.36933,30,461.916582
20.020221,30,462.431445
21.653554,30,462.945199
20.153554,30,463.445822
21.485991,30,463.955647
20.152931,30,464.474916
20.819598,30,464.978771
22.020221,30,465.476166
20.386888,30,465.979881
21.353555,30,466.483609
22.020221,30,466.987868
22.020221,30,467.49517
21.853554,30,468.00642
22.020221,30,468.516435
22.020221,30,469.021193
22.020221,30,469.513728
22.020221,30,470.021417
21.720221,30,470.529849
20.086888,30,471.031809
20.020221,30,471.535063
21.453555,30,472.041701
22.020221,30,472.543771
21.886882,30,473.047612
20.020221,30,473.565614
20.220221,30,474.427765
20.020221,30,474.930753
21.753555,30,475.432519
21.520221,30,475.940751
22.020221,30,476.446045
22.119598,30,476.954025
21.186583,30,482.531046
21.186887,30,483.026168
22.020221,30,483.535413
22.020221,30,484.043342
22.152931,30,484.536861
5.953555,9,484.691732
21.553555,30,485.19782
21.020221,30,485.706106
20.020221,30,486.214202
21.886882,30,486.717508
22.020221,30,487.229931
22.020221,30,487.746918
11.952661,18,488.057351
22.153555,30,488.560023
20.553554,30,489.068925
21.286882,30,489.573869
22.020221,30,490.071472
20.286888,30,490.576342
20.153555,30,491.078944
22.286888,30,491.590046
20.386888,30,492.096687
9.386888,14,492.33875
22.286888,30,492.837899
22.020221,30,493.342347
21.020221,30,493.85004
22.153555,30,494.352522
21.953247,30,494.851467
22.153555,30,495.375135
21.853549,30,495.883253
20.253554,30,496.384159
21.252661,30,496.889471
20.353555,30,497.392935
20.020221,30,497.902547
22.020221,30,498.414294
21.420221,30,498.931102
22.553554,30,499.43677
22.020221,30,499.94716
20.686257,30,500.452404
21.320221,30,500.967114
22.020221,30,501.492974
21.253247,30,502.013832
21.153555,30,502.518352
20.220221,30,503.032109
21.353555,30,503.529881
20.020221,30,504.032826
21.120221,30,504.538431
21.786579,30,505.047498
22.020221,30,505.555593
22.020221,30,506.058297
20.486888,30,506.566177
22.152931,30,507.068246
22.152931,30,507.574122
20.020221,30,508.081544
22.020221,30,508.582694
22.020221,30,509.094404
20.286888,30,509.602932
20.186887,30,510.106522
22.086574,30,510.61686
21.986882,30,511.112178
21.920221,30,511.604422
22.020221,30,512.1071
21.820221,30,512.624493
4.286888,7,512.746535
21.253555,30,513.25827
21.886882,30,513.765991
22.020221,30,514.62807
20.753555,30,515.134016
21.020221,30,515.646752
20.652356,30,516.151024
21.953247,30,516.652287
22.020221,30,517.152373
20.153555,30,517.664972
20.420215,30,518.163164
21.953247,30,518.677914
20.553555,30,519.176636
21.320221,30,519.681019
21.753555,30,520.191206
22.153555,30,520.774329
22.020221,30,521.287563
20.386888,30,521.795447
21.653511,30,522.301466
21.720215,30,522.801784
20.286888,30,523.3144
20.020221,30,523.815279
21.986888,30,524.323984
22.020221,30,524.819558
20.520221,30,525.321356
20.386888,30,525.825007
21.886882,30,526.330167
22.153555,30,526.841278
8.820221,14,527.080171
20.286888,30,527.579249
21.820221,30,528.08456
22.020221,30,528.581499
22.020221,30,529.082719
21.685916,30,529.57308
21.985994,30,530.076836
21.920178,30,530.599004
22.286888,30,531.110565
22.153555,30,531.621261
22.020221,30,532.123523
20.020221,30,532.634951
22.020221,30,533.135129
22.020221,30,533.641224
22.020221,30,534.152635
22.020221,30,534.664983
22.419598,30,535.177036
20.586888,30,535.685233
22.020221,30,536.184844
20.086888,30,536.686587
22.020221,30,537.19756
21.686888,30,537.704993
22.020221,30,538.207731
21.453554,30,538.709921
22.020221,30,539.209872
20.220221,30,539.705177
22.020221,30,540.212663
20.020221,30,540.723786
22.120221,30,541.263324
22.020221,30,541.765886
21.818709,30,542.277037
21.886882,30,542.783573
20.786888,30,543.286984
22.252661,30,543.798666
21.653555,30,544.303552
21.020221,30,544.805111
22.020221,30,545.317476
21.453554,30,545.818893
20.153555,30,546.330276
22.019598,30,546.829878
21.886882,30,547.33885
21.553555,30,547.841865
20.020221,30,548.345118
22.020221,30,548.852812
22.020221,30,549.714609
20.886888,30,550.21394
20.420221,30,550.716311
22.020221,30,551.221074
20.020221,30,551.727365
22.020221,30,552.237876
21.386844,30,552.743647
21.886888,30,553.251106
22.020221,30,553.752804
21.652661,30,554.244378
22.020221,30,554.751945
21.886882,30,555.262261
21.053555,30,555.755645
22.020221,30,556.26749
21.053555,30,556.772023
21.420221,30,557.284039
21.120215,30,557.788029
21.385956,30,558.29566
22.153555,30,558.796916
20.486888,30,559.300027
22.020221,30,559.805725
22.020221,30,560.311202
22.020221,30,560.81764
22.053555,30,561.336506
21.752661,30,561.845567
11.653554,17,562.131782
21.720221,30,562.640924
22.020221,30,563.146773
21.620221,30,563.664996
22.020221,30,564.16404
22.153555,30,564.675521
22.020221,30,565.192046
20.820221,30,565.699071
21.886882,30,566.202629
21.020221,30,566.704703
21.153555,30,567.207757
21.920178,30,567.711482
20.586888,30,573.246366
22.152931,30,573.751339
21.985994,30,574.263791
20.853555,30,574.772724
20.020221,30,575.273728
21.853554,30,575.777488
21.653555,30,576.283153
20.020221,30,576.83687
22.153555,30,577.331559
20.153549,30,577.837785
21.953247,30,578.346516
22.020221,30,578.848975
20.020221,30,579.346056
20.020221,30,579.854506
20.020221,30,580.358441
21.820221,30,580.862521
20.020221,30,581.364608
20.020221,30,581.868716
21.953554,30,582.373974
21.420221,30,582.878904
20.020221,30,583.39062
20.020221,30,583.886778
21.885994,30,584.395118
22.020221,30,584.898312
20.420221,30,585.397773
22.020221,30,585.912911
21.185685,30,586.421338
20.153555,30,586.920647
22.020221,30,587.423613
22.020221,30,587.926626
20.953555,30,588.433322
20.020221,30,588.939225
22.020221,30,589.798168
22.020221,30,590.298747
4.286888,7,590.42616
21.286888,30,590.934715
21.553554,30,591.428722
21.420221,30,591.929645
21.020221,30,592.428381
21.220221,30,592.926304
22.020221,30,593.424837
21.920221,30,593.924228
20.820221,30,594.425698
22.686888,30,594.931677
21.953247,30,595.437366
21.720221,30,595.944445
20.186887,30,596.447348
22.153555,30,596.938716
21.220215,30,597.465084
22.153555,30,597.976703
22.020221,30,598.4942
22.286888,30,599.003304
22.020221,30,599.544645
20.986888,30,600.055835
20.719913,30,600.555742
22.286888,30,601.090532
21.153205,29,601.596706
21.553555,30,602.100322
21.852931,30,602.601246
20.220221,30,603.107067
22.419598,30,603.609365
21.886888,30,604.109926
20.020221,30,604.616784
20.020221,30,605.131846
22.020221,30,605.640863
22.020221,30,606.150686
22.020221,30,606.675119
21.686887,30,607.198028
22.020221,30,607.699006
21.68658,30,608.197884
20.153555,30,608.70493
21.820215,30,609.220436
21.620221,30,609.728052
21.985994,30,610.226584
20.020221,30,610.738708
22.153555,30,611.247094
21.886882,30,611.747822
22.152931,30,612.26146
20.353549,30,612.78185
22.020221,30,613.287515
22.153555,30,613.802462
21.453554,30,614.308147
20.553285,30,614.866398
20.253511,30,615.370541
22.020221,30,615.874417
20.920221,30,616.382574
21.920221,30,616.880325
20.020221,30,617.381306
21.186888,30,617.904297
20.620182,30,618.408932
22.020221,30,618.914861
21.985994,30,619.41139
21.68658,30,619.920417
20.086888,30,620.41561
2.886882,5,620.503491
6.753555,11,620.695323
21.020221,30,621.193244
3.586887,6,621.299352
22.153555,30,621.800593
22.020221,30,622.308309
8.552931,12,622.513825
22.020221,30,623.00358
20.153555,30,623.502216
21.986882,30,624.376895
21.753555,30,624.877702
21.553554,30,625.375895
22.020221,30,625.87801
21.985994,30,626.379912
22.153555,30,626.896604
22.020221,30,627.398724
4.286888,7,627.520521
21.453555,30,628.031265
22.020221,30,628.54363
21.919327,30,629.045861
21.985994,30,629.559214
22.020221,30,630.065744
22.020221,30,630.576545
21.086888,30,631.078266
22.020221,30,631.582229
21.985994,30,632.085732
20.653555,30,632.580651
21.920178,30,633.082591
22.020221,30,633.593518
21.286888,30,634.093734
20.853555,30,634.596633
21.686888,30,635.114282
21.720178,30,635.631885
21.953247,30,636.134266
21.753555,30,636.63479
22.153555,30,637.133141
21.985994,30,637.634317
20.020221,30,638.154264
20.020221,30,638.67067
22.020221,30,639.176556
20.853555,30,639.678624
21.153549,30,640.181515
22.020221,30,640.708982
21.086888,30,641.227073
21.985994,30,641.751089
21.953247,30,642.273522
22.153555,30,642.773022
21.985994,30,643.283758
21.686844,30,643.806644
21.620221,30,644.324226
20.020221,30,644.827789
20.820221,30,645.333514
16.353555,25,645.756394
22.020221,30,646.267203
21.953247,30,646.77246
21.720221,30,647.281564
21.75351,30,647.791701
21.520215,30,648.292714
17.853549,26,648.727889
22.153555,30,649.236471
21.486882,30,649.739473
20.020221,30,650.244
22.420221,30,650.752991
21.752931,30,651.263583
21.753549,30,651.769502
22.020221,30,652.281413
21.985994,30,652.786355
19.620221,28,653.255032
21.553555,30,653.761594
2.219907,4,653.834745
21.453555,30,654.342045
22.020221,30,654.841853
22.020221,30,655.348157
21.900351,30,655.856254
20.020221,30,656.362203
22.020221,30,656.859685
21.985994,30,657.359606
20.020221,30,657.856335
22.286888,30,663.406881
21.453554,30,663.90838
21.953247,30,664.777214
21.586882,30,665.283325
21.886882,30,665.783932
10.053555,16,666.057337
21.220221,30,666.56501
21.020221,30,667.069443
22.286265,30,667.56854
21.886882,30,668.07643
21.853554,30,668.579313
22.286265,30,669.089965
21.920178,30,669.592322
14.152931,20,669.93417
22.152931,30,670.446069
21.053555,30,670.962625
22.020221,30,671.478324
21.952931,30,671.982552
22.020221,30,672.483414
21.353555,30,672.992502
22.286265,30,673.499585
2.666667,4,673.573322
22.085994,30,674.078881
22.020221,30,674.591637
21.619913,30,675.095388
21.753555,30,675.593913
12.519327,18,675.903301
21.553511,30,676.415142
20.986888,30,676.91283
20.286888,30,677.428442
21.153511,30,677.935651
22.020221,30,678.442306
21.186888,30,678.957594
22.020221,30,679.466342
7.086888,11,679.653713
20.753555,30,680.177387
21.920178,30,680.676537
21.420221,30,681.181185
22.020221,30,681.681475
20.853554,30,682.185837
22.020221,30,682.690186
22.020221,30,683.193368
22.119598,30,683.69704
20.020221,30,684.195363
20.520221,30,684.698215
21.653554,30,685.201463
20.020221,30,685.704374
12.853555,19,686.024847
22.020221,30,686.52809
22.020221,30,687.027475
22.020221,30,687.531635
10.453555,15,687.791109
22.152931,30,688.293094
20.186888,30,688.801451
20.320221,30,689.306329
21.453554,30,689.808125
20.620221,30,690.31043
20.520221,30,690.814377
22.020221,30,691.31923
22.153555,30,691.821277
22.153555,30,692.320763
22.020221,30,692.824611
21.920221,30,693.327343
22.020221,30,693.835067
21.786888,30,694.347841
22.020221,30,694.856036
22.020221,30,695.36475
21.486888,30,695.87756
20.620221,29,696.362227
22.153555,30,696.859325
20.353555,30,697.364015
22.051199,30,697.873963
22.153555,30,698.371919
22.153555,30,698.883364
21.520221,30,699.758943
20.020221,30,700.26087
11.820221,17,700.549636
22.152931,30,701.054171
20.020221,30,701.558
21.753554,30,702.066265
21.953247,30,702.563907
22.153555,30,703.068305
22.152931,30,703.577013
22.020221,30,704.080116
20.153555,30,704.582832
22.020221,30,705.080962
22.020221,30,705.582992
22.153555,30,706.093245
22.020219,30,706.590948
22.020221,30,707.098367
22.020221,30,707.600602
21.620221,30,708.109083
22.020221,30,708.60762
22.020221,30,709.109253
21.653555,30,709.621148
20.020221,30,710.125817
10.053555,16,710.40403
21.485685,30,710.903128
20.020221,30,711.413418
22.020221,30,711.923894
20.120221,30,712.418741
22.020221,30,712.921997
21.753555,30,713.42848
22.020221,30,713.929595
3.020215,5,714.020393
21.953247,30,714.528555
22.020221,30,715.032741
20.020221,30,715.535185
21.686844,30,716.035654
22.020221,30,716.543521
22.286888,30,717.054945
20.620221,30,717.559258
21.252931,30,718.06313
20.920221,30,718.558197
12.553554,19,718.876746
21.186888,30,719.383322
22.020221,30,719.888441
21.786277,30,720.387427
21.22022,30,720.899078
22.020221,30,721.416437
21.020221,30,721.920064
21.953555,30,722.418005
20.786888,30,722.920801
22.153555,30,723.416375
22.020221,30,723.929321
20.086888,30,724.436347
21.486888,30,724.946691
21.552042,30,725.46299
20.153555,30,725.971459
22.020221,30,726.474245
20.453555,30,726.985018
20.020221,30,727.489367
21.186888,30,727.999552
21.920178,30,728.509461
22.020221,30,729.012165
22.020221,30,729.514544
21.020221,30,730.008885
21.619913,30,730.520977
21.053555,30,731.022414
22.020221,30,731.525096
20.020221,30,732.030044
21.453554,30,732.522544
20.820221,30,733.029137
15.486888,23,733.416348
20.020221,30,734.283192
22.152931,30,734.800843
20.020221,30,735.308939
22.020221,30,735.810245
21.820221,30,736.310967
21.486887,30,736.812676
22.020221,30,737.315001
20.020221,30,737.814192
22.020221,30,738.313813
20.020221,30,738.811986
16.320221,25,739.231
12.686888,20,739.574123
21.819907,30,740.069636
21.286888,30,740.568814
22.020221,30,741.080215
21.653554,30,741.58168
22.152931,30,742.08152
22.020221,30,742.584825
21.820221,30,743.088222
20.020221,30,743.587389
20.686888,30,744.081272
21.320178,30,744.58674
22.020221,30,745.089402
22.020221,30,745.597964
21.653554,30,746.099219
21.75351,30,746.598593
21.153555,30,747.095978
20.620221,30,747.60533
21.953247,30,748.102889
21.819907,30,753.642499
22.153555,30,754.149883
21.820221,30,754.652695
21.153555,30,755.177333
21.620221,30,755.676408
21.720221,30,756.17889
20.153555,30,756.683229
22.020221,30,757.187222
20.020221,30,757.696124
20.453555,30,758.198711
22.252265,30,758.709706
22.153555,30,759.212842
20.420221,30,759.718549
20.486887,30,760.237421
22.020221,30,760.761839
21.985994,30,761.257763
21.653555,30,761.764053
21.985994,30,762.264964
22.020221,30,762.767222
16.953555,24,763.177422
21.020221,30,763.683692
22.020221,30,764.190156
22.020221,30,764.704671
20.686888,30,765.207167
7.086888,11,765.396946
20.020221,30,765.903249
22.020221,30,766.405277
22.020221,30,766.906224
21.186888,30,767.417164
20.453555,30,767.916992
21.920178,30,768.43015
20.020221,30,768.951615
22.020221,30,769.458943
22.152931,30,769.961173
21.353555,30,770.466642
20.686888,30,770.969108
1.683601,3,771.025754
22.020221,30,771.531145
19.886265,28,772.009241
20.153555,30,772.504089
21.853554,30,772.999278
20.986888,30,773.494728
